USE QLDA

INSERT DBO.PHONGBAN (MAPB, TENPB, TRUONGPHONG, NG_NHANCHUC)
VALUES
(
	'P1',
	N'QUANLY',
	'NV5',
	'20160619'
)
INSERT DBO.PHONGBAN (MAPB, TENPB, TRUONGPHONG, NG_NHANCHUC)
VALUES
(
	'P2',
	N'DIEUHANH',
	'NV8',
	'20180101'
)
INSERT DBO.PHONGBAN (MAPB, TENPB, TRUONGPHONG, NG_NHANCHUC)
VALUES
(
	'P3',
	N'NGHIENCUU',
	'NV2',
	'20170522'
)
INSERT DBO.NHANVIEN (MANV, HONV, TENLOT, TENNV, NGAYSINH, DIACHI, PHAI, LUONG, MAPB )
VALUES 
(
	'NV1',
	N'DINH',
	N'BA',
	N'TIEN',
	'19850109',
	N'731 TRAN HUNG DAO, Q1, TPHCM',
	'NAM',
	30000,
	'P3'
)
INSERT DBO.NHANVIEN (MANV, HONV, TENLOT, TENNV, NGAYSINH, DIACHI, PHAI, LUONG, MAPB )
VALUES 
(
	'NV2',
	N'VO',
	N'THANH',
	N'TUNG',
	'19751208',
	N'638 TRAN HUNG DAO',
	'NAM',
	40000,
	'P3'
)
INSERT DBO.NHANVIEN (MANV, HONV, TENLOT, TENNV, NGAYSINH, DIACHI, PHAI, LUONG, MAPB )
VALUES 
(
	'NV3',
	N'TRAN',
	N'THANH',
	N'TAM',
	'19820731',
	N'853 MAI THI LUU, Q1, TPHCM',
	'NAM',
	25000,
	'P2'
)
INSERT DBO.NHANVIEN (MANV, HONV, TENLOT, TENNV, NGAYSINH, DIACHI, PHAI, LUONG, MAPB )
VALUES 
(
	'NV4',
	N'VO',
	N'MANH',
	N'HUNG',
	'19720915',
	N'975 BA RIA, VUNG TAU',
	'NAM',
	38000,
	'P2'
)
INSERT DBO.NHANVIEN (MANV, HONV, TENLOT, TENNV, NGAYSINH, DIACHI, PHAI, LUONG, MAPB )
VALUES 
(
	'NV5',
	N'LE',
	N'NGOC',
	N'QUYEN',
	'19871010',
	N'450 TRUNG VUONG, HA NOI',
	'NU',
	55000,
	'P1'
)
INSERT DBO.NHANVIEN (MANV, HONV, TENLOT, TENNV, NGAYSINH, DIACHI, PHAI, LUONG, MAPB )
VALUES 
(
	'NV6',
	N'TRAN',
	N'MINH',
	N'KHANG',
	'19820624',
	N'TRAN BING TRONG, TPHCM',
	'NAM',
	58000,
	'P1'
)
INSERT DBO.NHANVIEN (MANV, HONV, TENLOT, TENNV, NGAYSINH, DIACHI, PHAI, LUONG, MAPB )
VALUES 
(
	'NV7',
	N'LE',
	N'THI',
	N'NHAN',
	'19810620',
	N'291 HO VAN HUC, QPN, TPHCM',
	'NU',
	43000,
	'P3'
)
INSERT DBO.NHANVIEN (MANV, HONV, TENLOT, TENNV, NGAYSINH, DIACHI, PHAI, LUONG, MAPB )
VALUES 
(
	'NV8',
	N'TRAN',
	N'HONG',
	N'QUANG',
	'19790329',
	N'980 LE HONG PHONG, Q10, TPHCM',
	'NAM',
	25000,
	'P2'
)
INSERT DBO.NHANVIEN (MANV, HONV, TENLOT, TENNV, NGAYSINH, DIACHI, PHAI, LUONG, MAPB )
VALUES 
(
	'NV9',
	N'BUI',
	N'THUY',
	N'VU',
	'19780719',
	N'332 NGUYEN THAI HOC, Q1, TPHCM',
	'NU',
	25000,
	'P1'
)
INSERT dbo.DEAN (MADA, TENDA, DDIEM_DA, MAPB)
VALUES
(
	'DA1',
	N'San pham X',
	N'VUNG TAU',
	'P3'
)
INSERT dbo.DEAN (MADA, TENDA, DDIEM_DA, MAPB)
VALUES
(
	'DA2',
	N'San pham Y',
	N'NHA TRANG',
	'P3'
)
INSERT dbo.DEAN (MADA, TENDA, DDIEM_DA, MAPB)
VALUES
(
	'DA3',
	N'San pham Z',
	N'TPHCM',
	'P3'
)
INSERT dbo.DEAN (MADA, TENDA, DDIEM_DA, MAPB)
VALUES
(
	'DA4',
	N'Tin hoc hoa',
	N'HA NOI',
	'P2'
)
INSERT dbo.DEAN (MADA, TENDA, DDIEM_DA, MAPB)
VALUES
(
	'DA5',
	N'Cap quang',
	N'TPHCM',
	'P1'
)
INSERT dbo.DEAN (MADA, TENDA, DDIEM_DA, MAPB)
VALUES
(
	'DA6',
	N'Dao tao',
	N'HA NOI',
	'P2'
)
insert dbo.PHANCONG (MANV, MADA, THOIGIAN)
values
(
	'NV1', 'DA1', '32.5'
)
insert dbo.PHANCONG (MANV, MADA, THOIGIAN)
values
(
	'NV1', 'DA2', '7.5'
)
insert dbo.PHANCONG (MANV, MADA, THOIGIAN)
values
(
	'NV1', 'DA3', '10'
)
insert dbo.PHANCONG (MANV, MADA, THOIGIAN)
values
(
	'NV2', 'DA3', '40'
)
insert dbo.PHANCONG (MANV, MADA, THOIGIAN)
values
(
	'NV2', 'DA4', '20'
)
insert dbo.PHANCONG (MANV, MADA, THOIGIAN)
values
(
	'NV2', 'DA5', '20'
)
insert dbo.PHANCONG (MANV, MADA, THOIGIAN)
values
(
	'NV3', 'DA1', '20'
)
insert dbo.PHANCONG (MANV, MADA, THOIGIAN)
values
(
	'NV3', 'DA2', '20'
)
insert dbo.PHANCONG (MANV, MADA, THOIGIAN)
values
(
	'NV4', 'DA3', '10'
)
insert dbo.PHANCONG (MANV, MADA, THOIGIAN)
values
(
	'NV5', 'DA4', '10'
)
insert dbo.PHANCONG (MANV, MADA, THOIGIAN)
values
(
	'NV5', 'DA5', '10'
)
insert dbo.PHANCONG (MANV, MADA, THOIGIAN)
values
(
	'NV7', 'DA6', '30'
)
insert dbo.PHANCONG (MANV, MADA, THOIGIAN)
values
(
	'NV8', 'DA4', '10'
)
insert dbo.PHANCONG (MANV, MADA, THOIGIAN)
values
(
	'NV8', 'DA6', '20'
)
insert dbo.PHANCONG (MANV, MADA, THOIGIAN)
values
(
	'NV9', 'DA4', '15'
)
INSERT INTO DBO.PHANCONG VALUES ('NV8','DA4','10'), ('NV8', 'DA6','20'), ('NV9', 'DA4', '15')
insert dbo.THANNHAN (MANV, TENTN,PHAI, NGAYSINH, QUANHE)
values
(
	'NV1', N'DINH BA KIEN', 'NAM', '19950715', N'CON TRAI'
)
insert dbo.THANNHAN (MANV, TENTN,PHAI, NGAYSINH, QUANHE)
values
(
	'NV1', N'NGUYEN THANH THAO', 'NU', '19880408', N'VỢ'
)
insert dbo.THANNHAN (MANV, TENTN,PHAI, NGAYSINH, QUANHE)
values
(
	'NV2', N'VO THANH SON', 'NAM', '19500923', N'CHA'
)
insert dbo.THANNHAN (MANV, TENTN,PHAI, NGAYSINH, QUANHE)
values
(
	'NV3', N'LE THI HUONG', 'NU', '19840109', N'VỢ'
)
insert dbo.THANNHAN (MANV, TENTN,PHAI, NGAYSINH, QUANHE)
values
(
	'NV3', N'TRAN LE NGOC HOA', 'NU', '20170912', N'CON GÁI'
)
insert dbo.THANNHAN (MANV, TENTN,PHAI, NGAYSINH, QUANHE)
values
(
	'NV6', N'TRAN MINH AN', 'NAM', '19800805', N'ANH TRAI'
)
insert dbo.THANNHAN (MANV, TENTN,PHAI, NGAYSINH, QUANHE)
values
(
	'NV7', N'LE THI NGAN', 'NU', '19800607', N'EM GÁI'
)
insert dbo.THANNHAN (MANV, TENTN,PHAI, NGAYSINH, QUANHE)
values
(
	'NV9', N'TRAN QUOC VUONG', 'NAM', '19750505', N'CHỒNG'
)
insert into DDIEMPB values ('P1', N'TPHCM'), ('P2', N'HA NOI'), ('P3', N'NHA TRANG'), ('P3', N'TPHCM'), ('P3',N'VUNG TAU') 
